<?xml version="1.0"?>
<doc>
    <assembly>
        <name>SumatraPDFControl</name>
    </assembly>
    <members>
        <member name="T:SumatraPDF.Properties.Resources">
            <summary>
              A strongly-typed resource class, for looking up localized strings, etc.
            </summary>
        </member>
        <member name="P:SumatraPDF.Properties.Resources.ResourceManager">
            <summary>
              Returns the cached ResourceManager instance used by this class.
            </summary>
        </member>
        <member name="P:SumatraPDF.Properties.Resources.Culture">
            <summary>
              Overrides the current thread's CurrentUICulture property for all
              resource lookups using this strongly typed resource class.
            </summary>
        </member>
        <member name="P:SumatraPDF.Properties.Resources.SumatraPDFControl">
            <summary>
              Looks up a localized resource of type System.Drawing.Bitmap.
            </summary>
        </member>
        <member name="P:SumatraPDF.Properties.Resources.SumatraPDFControlMini">
            <summary>
              Looks up a localized resource of type System.Drawing.Bitmap.
            </summary>
        </member>
        <member name="T:SumatraPDF.SumatraPDFControl">
            <summary>
            Windows Forms Control which embeds modifed version of SumatraPDF to read and view Portable Document Files (PDF)
            </summary>
            <remarks>
            This control allows you to open and read PDF files with most features present in great SumatraPDF reader (https://www.sumatrapdfreader.org/).
            It requires an specific compiled Sumatra code version (https://github.com/marcoscmonteiro/sumatrapdf) which enables SumatraPDF
            working in an enhanced plugin mode. 
            It's forked from original SumatraPDF code (https://github.com/sumatrapdfreader/sumatrapdf)
            </remarks>
        </member>
        <member name="M:SumatraPDF.SumatraPDFControl.WndProc(System.Windows.Forms.Message@)">
            <summary>
            Processes Windows Messages.
            </summary>
            <remarks>
            This method has many customizations in order to process SumatraPDF messages. So, if there is need to override, remember to call base.WndProc.
            </remarks>
            <param name="m">The Windows <see cref="T:System.Windows.Forms.Message"/> to process.</param>
        </member>
        <member name="P:SumatraPDF.SumatraPDFControl.BackgroundImage">
            <summary>
            SumatraPDF logo
            </summary>
        </member>
        <member name="T:SumatraPDF.SumatraPDFControl.ScrollStateStruct">
            <summary>
            Structure which represents Horizontal and Vertical Scroll position of current SumatraPDF displayed page.
            </summary>
        </member>
        <member name="M:SumatraPDF.SumatraPDFControl.ScrollStateStruct.#ctor(System.Int32,System.Double,System.Double)">
            <summary>
            ScrollStateStruct Constructor
            </summary>
            <param name="page">Current page</param>
            <param name="x">Horizontal scroll position</param>
            <param name="y">Vertical scroll position</param>
        </member>
        <member name="P:SumatraPDF.SumatraPDFControl.ScrollStateStruct.X">
            <summary>
            Horizontal scroll position
            </summary>
        </member>
        <member name="P:SumatraPDF.SumatraPDFControl.ScrollStateStruct.Y">
            <summary>
            Vertical scroll position
            </summary>
        </member>
        <member name="P:SumatraPDF.SumatraPDFControl.ScrollStateStruct.Page">
            <summary>
            Current displayed page
            </summary>
        </member>
        <member name="M:SumatraPDF.SumatraPDFControl.ScrollStateStruct.ToString">
            <summary>
            Converts struct to string
            </summary>
            <returns>Struct string representation</returns>
        </member>
        <member name="T:SumatraPDF.SumatraPDFControl.DisplayModeEnum">
            <summary>
            Document display mode constants
            </summary>
        </member>
        <member name="F:SumatraPDF.SumatraPDFControl.DisplayModeEnum.Automatic">
            <summary>
            The continuous form of single page, facing or book view depending on the document's desired page layout
            </summary>
        </member>
        <member name="F:SumatraPDF.SumatraPDFControl.DisplayModeEnum.SinglePage">
            <summary>
            Single page display (not continuous)
            </summary>
        </member>
        <member name="F:SumatraPDF.SumatraPDFControl.DisplayModeEnum.Facing">
            <summary>
            Dual page display (not continuous)
            </summary>
        </member>
        <member name="F:SumatraPDF.SumatraPDFControl.DisplayModeEnum.BookView">
            <summary>
            Dual page display (not continuous)
            </summary>
        </member>
        <member name="F:SumatraPDF.SumatraPDFControl.DisplayModeEnum.Continuous">
            <summary>
            Single page display in continuous mode
            </summary>
        </member>
        <member name="F:SumatraPDF.SumatraPDFControl.DisplayModeEnum.ContinuousFacing">
            <summary>
            Dual page display in continuous mode
            </summary>
        </member>
        <member name="F:SumatraPDF.SumatraPDFControl.DisplayModeEnum.ContinuousBookView">
            <summary>
            Dual page display in continuous mode
            </summary>
        </member>
        <member name="T:SumatraPDF.SumatraPDFControl.ZoomVirtualEnum">
            <summary>
            Document zoom virtual enum display constants (fit page, fit width, etc) represented by real zoom factor
            </summary>
        </member>
        <member name="F:SumatraPDF.SumatraPDFControl.ZoomVirtualEnum.None">
            <summary>
            Constant expressing that no other constants represents the real zoom factor
            </summary>
        </member>
        <member name="F:SumatraPDF.SumatraPDFControl.ZoomVirtualEnum.FitPage">
            <summary>
            Constant to express a real zoom factor representing a complete page display
            </summary>
        </member>
        <member name="F:SumatraPDF.SumatraPDFControl.ZoomVirtualEnum.FitWidth">
            <summary>
            Constant to express a real zoom factor representing a complete horizontal page display
            </summary>
        </member>
        <member name="F:SumatraPDF.SumatraPDFControl.ZoomVirtualEnum.FitContent">
            <summary>
            Constant to express a real zoom factor representing a complete content page display
            </summary>
        </member>
        <member name="T:SumatraPDF.SumatraPDFControl.RotationEnum">
            <summary>
            Document rotation enum constants
            </summary>
            <seealso cref="M:SumatraPDF.SumatraPDFControl.RotateBy(SumatraPDF.SumatraPDFControl.RotationEnum)"/>
            <seealso cref="P:SumatraPDF.SumatraPDFControl.Rotation"/>
        </member>
        <member name="F:SumatraPDF.SumatraPDFControl.RotationEnum.RotNone">
            <summary>
            No rotation
            </summary>
        </member>
        <member name="F:SumatraPDF.SumatraPDFControl.RotationEnum.Rot90">
            <summary>
            90 degrees clockwise rotation
            </summary>
        </member>
        <member name="F:SumatraPDF.SumatraPDFControl.RotationEnum.Rot180">
            <summary>
            180 degrees rotation
            </summary>
        </member>
        <member name="F:SumatraPDF.SumatraPDFControl.RotationEnum.Rot270">
            <summary>
            270 degrees clockwise rotation
            </summary>
        </member>
        <member name="T:SumatraPDF.SumatraPDFControl.PageChangedEventArgs">
            <summary>
            Argument class received by <see cref="E:SumatraPDF.SumatraPDFControl.PageChanged"/> event
            </summary>
        </member>
        <member name="M:SumatraPDF.SumatraPDFControl.PageChangedEventArgs.#ctor(System.Int32,System.String)">
            <summary>
            PageChangedEventArgs constructor
            </summary>
        </member>
        <member name="P:SumatraPDF.SumatraPDFControl.PageChangedEventArgs.Page">
            <summary>
            Document page
            </summary>
        </member>
        <member name="P:SumatraPDF.SumatraPDFControl.PageChangedEventArgs.NamedDest">
            <summary>
            Document NamedDest
            </summary>
        </member>
        <member name="T:SumatraPDF.SumatraPDFControl.ContextMenuOpeningEventArgs">
            <summary>
            Argument class receiced by <see cref="E:SumatraPDF.SumatraPDFControl.ContextMenuOpening"/> event
            </summary>
        </member>
        <member name="M:SumatraPDF.SumatraPDFControl.ContextMenuOpeningEventArgs.#ctor(System.Int32,System.Int32)">
            <summary>
            ContextMenuOpeningEventArgs constructor
            </summary>
        </member>
        <member name="P:SumatraPDF.SumatraPDFControl.ContextMenuOpeningEventArgs.X">
            <summary>
            X horizontal position, relative to SumatraPDF control, where context menu is about to open
            </summary>
        </member>
        <member name="P:SumatraPDF.SumatraPDFControl.ContextMenuOpeningEventArgs.Y">
            <summary>
            Y vertical position, relative to SumatraPDF control, where context menu is about to open
            </summary>
        </member>
        <member name="P:SumatraPDF.SumatraPDFControl.ContextMenuOpeningEventArgs.Handled">
            <summary>
            Indicates wether event will be handled or not (default false)
            </summary>
            <remarks>
            if set to true default context menu will not be displayed
            </remarks>
        </member>
        <member name="T:SumatraPDF.SumatraPDFControl.SumatraMessageEventArgs">
            <summary>
            Argument class received by <see cref="E:SumatraPDF.SumatraPDFControl.SumatraMessage"/> generic event
            </summary>
        </member>
        <member name="P:SumatraPDF.SumatraPDFControl.SumatraMessageEventArgs.CallBackReturn">
            <summary>
            Indicates wether event will be handled or not (default false)
            </summary>
            <remarks>
            if set to true event will not be handled by SumatraPDF
            </remarks>
        </member>
        <member name="P:SumatraPDF.SumatraPDFControl.SumatraMessageEventArgs.Msg">
            <summary>
            Message generated by SumatraPDF
            </summary>
        </member>
        <member name="P:SumatraPDF.SumatraPDFControl.SumatraMessageEventArgs.Data">
            <summary>
            Pointer to extended data message generated by SumatraPDF
            </summary>
        </member>
        <member name="T:SumatraPDF.SumatraPDFControl.ZoomChangedEventArgs">
            <summary>
            Argument class received by <see cref="E:SumatraPDF.SumatraPDFControl.ZoomChanged"/> event
            </summary>
        </member>
        <member name="M:SumatraPDF.SumatraPDFControl.ZoomChangedEventArgs.#ctor(System.Single,SumatraPDF.SumatraPDFControl.ZoomVirtualEnum,System.Boolean)">
            <summary>
            ZoomChangedEventArgs constructor
            </summary>
        </member>
        <member name="P:SumatraPDF.SumatraPDFControl.ZoomChangedEventArgs.Zoom">
            <summary>
            Document zoom real factor
            </summary>
        </member>
        <member name="P:SumatraPDF.SumatraPDFControl.ZoomChangedEventArgs.ZoomVirtual">
            <summary>
            Document zoom virtual display mode
            </summary>
        </member>
        <member name="P:SumatraPDF.SumatraPDFControl.ZoomChangedEventArgs.MouseWheel">
            <summary>
            Indicates wether mouse wheel was responsible for zoom changed event
            </summary>
        </member>
        <member name="T:SumatraPDF.SumatraPDFControl.LinkClickedEventArgs">
            <summary>
            Argument class received by <see cref="E:SumatraPDF.SumatraPDFControl.LinkClick"/> event
            </summary>
        </member>
        <member name="M:SumatraPDF.SumatraPDFControl.LinkClickedEventArgs.#ctor(System.String)">
            <summary>
            LinkClickedEventArgs constructor
            </summary>
        </member>
        <member name="P:SumatraPDF.SumatraPDFControl.LinkClickedEventArgs.LinkText">
            <summary>
            Document link text clicked
            </summary>
        </member>
        <member name="T:SumatraPDF.SumatraPDFControl.DisplayModeChangedEventArgs">
            <summary>
            Argument class received by <see cref="E:SumatraPDF.SumatraPDFControl.DisplayModeChanged"/> event
            </summary>
        </member>
        <member name="M:SumatraPDF.SumatraPDFControl.DisplayModeChangedEventArgs.#ctor(SumatraPDF.SumatraPDFControl.DisplayModeEnum)">
            <summary>
            DisplayModeChangedEventArgs constructor
            </summary>
        </member>
        <member name="P:SumatraPDF.SumatraPDFControl.DisplayModeChangedEventArgs.DisplayMode">
            <summary>
            Document display mode
            </summary>
        </member>
        <member name="T:SumatraPDF.SumatraPDFControl.ScrollStateEventArgs">
            <summary>
            Argument class received by <see cref="E:SumatraPDF.SumatraPDFControl.ScrollStateChanged"/> event
            </summary>
        </member>
        <member name="M:SumatraPDF.SumatraPDFControl.ScrollStateEventArgs.#ctor(SumatraPDF.SumatraPDFControl.ScrollStateStruct)">
            <summary>
            ScrollStateEventArgs constructor
            </summary>
        </member>
        <member name="P:SumatraPDF.SumatraPDFControl.ScrollStateEventArgs.ScrollState">
            <summary>
            Document scroll state 
            </summary>
        </member>
        <member name="E:SumatraPDF.SumatraPDFControl.SumatraMessage">
            <summary>
            A generic SumatraPDF message not managed by other events.
            </summary>
        </member>
        <member name="E:SumatraPDF.SumatraPDFControl.StartupFinished">
            <summary>
            Occurs after SumatraPDF.exe terminates startup process.
            </summary>
            <remarks>
            <para>
            This event occurs only after a new SumatraPDF.exe execution. So, simply loading a new document reutilizing SumatraPDF.exe instance 
            do not fire this event, but only <see cref="E:SumatraPDF.SumatraPDFControl.FileOpened"/> event.
            </para>
            <para>		
            Because SumatraPDF load documents asyncronously, some methods and properties requires end of startup process in order to function: 
            eg.: <see cref="P:SumatraPDF.SumatraPDFControl.PageCount"/> or <see cref="P:SumatraPDF.SumatraPDFControl.Page"/>. So, use these methods or properties only after <see cref="E:SumatraPDF.SumatraPDFControl.StartupFinished"/> event or either <see cref="E:SumatraPDF.SumatraPDFControl.FileOpened"/>.
            </para>
            <para>
            It is only recommended to carry out the initialization procedures when handling the <see cref="E:SumatraPDF.SumatraPDFControl.FileOpened"/> event because the <see cref="E:SumatraPDF.SumatraPDFControl.StartupFinished"/> 
            event is only fired when a new instance of SumatraPDF.exe is executed.
            </para>
            </remarks>
            <seealso cref="E:SumatraPDF.SumatraPDFControl.FileOpened"/>
        </member>
        <member name="E:SumatraPDF.SumatraPDFControl.FileOpened">
            <summary>
            Occurs after a new document load by SumatraPDFControl
            </summary>
            <remarks>
            It's recomended to initilize application variables on this event because some properties and methods does not respond correctly during SumatraPDF.exe startup process. This
            event garantees that startup process was ended. See <see cref="E:SumatraPDF.SumatraPDFControl.StartupFinished"/> event for more details.
            </remarks>
            <seealso cref="E:SumatraPDF.SumatraPDFControl.StartupFinished"/>
        </member>
        <member name="E:SumatraPDF.SumatraPDFControl.PageChanged">
            <summary>
            Occurs after changing current visible page
            </summary>
        </member>
        <member name="E:SumatraPDF.SumatraPDFControl.ContextMenuOpening">
            <summary>
            Occurs before trying to open ContextMenu by right mouse clicking button.
            </summary>
        </member>
        <member name="E:SumatraPDF.SumatraPDFControl.ZoomChanged">
            <summary>
            Occurs after changing zoom factor.
            </summary>
        </member>
        <member name="E:SumatraPDF.SumatraPDFControl.LinkClick">
            <summary>
            Occurs after clicking a document link.
            </summary>
        </member>
        <member name="E:SumatraPDF.SumatraPDFControl.DisplayModeChanged">
            <summary>
            Occurs after changing display mode.
            </summary>
        </member>
        <member name="E:SumatraPDF.SumatraPDFControl.ScrollStateChanged">
            <summary>
            Occurs after changing document scroll position (vertical and/or horizontal).
            </summary>
        </member>
        <member name="E:SumatraPDF.SumatraPDFControl.KeyPress">
            <summary>
            Occurs when a character, space or backspace key is pressed while the control has focus.
            </summary>
        </member>
        <member name="E:SumatraPDF.SumatraPDFControl.KeyDown">
            <summary>
            Occurs when a key is pressed while the control has focus.
            </summary>
        </member>
        <member name="E:SumatraPDF.SumatraPDFControl.KeyUp">
            <summary>
            Occurs when a key is released while the control has focus.
            </summary>
        </member>
        <member name="P:SumatraPDF.SumatraPDFControl.ContextMenuStrip">
            <summary>
            Gets or sets the ContextMenuStrip associated with this control.
            </summary>
            <remarks>
            The ContextMenuStrip for this control, or null if there is no ContextMenuStrip. The default is null.
            </remarks>
        </member>
        <member name="P:SumatraPDF.SumatraPDFControl.SumatraPDFPath">
            <summary>
            Path where SumatraPDF executable is present. If not informed assumes same SumatraPDFControl.dll directory
            </summary>
        </member>
        <member name="P:SumatraPDF.SumatraPDFControl.SumatraPDFExe">
            <summary>
            SumatraPDF executable file name. Usually SumatraPDF.exe (default) or SumatraPDF-dll.exe
            </summary>
        </member>
        <member name="P:SumatraPDF.SumatraPDFControl.ScrollState">
            <summary>
            Get or set current PDF scroll state (X and Y units from visible PDF page)
            </summary>
        </member>
        <member name="P:SumatraPDF.SumatraPDFControl.Zoom">
            <summary>
            Get or set current numeric PDF zoom scale.
            </summary>
            <remarks>
            <see cref="P:SumatraPDF.SumatraPDFControl.ZoomVirtual"/> property to get or set zoom mode like fit width, fit page etc.
            </remarks>
        </member>
        <member name="P:SumatraPDF.SumatraPDFControl.ZoomVirtual">
            <summary>
            Get or set currrent PDF virtual zoom mode (Fit width, Fit Page, Fit Content or None).
            </summary>
            <remarks>
            <see cref="P:SumatraPDF.SumatraPDFControl.Zoom"/> property to get or set numeric scale
            </remarks>
        </member>
        <member name="P:SumatraPDF.SumatraPDFControl.DisplayMode">
            <summary>
            Get or set mode to display PDF pages (SinglePage, Facing, BookView, Continuous, ContinuousFacing, ContinuousBookView, Automatic)
            </summary>
        </member>
        <member name="P:SumatraPDF.SumatraPDFControl.Page">
            <summary>
            Get or set current PDF page viewing position
            </summary>
        </member>
        <member name="P:SumatraPDF.SumatraPDFControl.PageCount">
            <summary>
            Total pages count of loaded document
            </summary>
        </member>
        <member name="P:SumatraPDF.SumatraPDFControl.Rotation">
            <summary>
            Get current PDF rotation (see RotateBy method to change rotation state)
            </summary>
        </member>
        <member name="P:SumatraPDF.SumatraPDFControl.NamedDest">
            <summary>
            Get or set current PDF NamedDest viewing position
            </summary>
        </member>
        <member name="P:SumatraPDF.SumatraPDFControl.ToolBarVisible">
            <summary>
            Get or set if SumatraPDF default toolbar is visible
            </summary>
        </member>
        <member name="P:SumatraPDF.SumatraPDFControl.TocVisible">
            <summary>
            Get or set if SumatraPDF Table of contents (Toc) sidebar is visible (if document doesn't have Toc it always will be false)
            </summary>
        </member>
        <member name="P:SumatraPDF.SumatraPDFControl.KeyAccelerators">
            <summary>
            Get or set if Keyboard accelerators (like CTRL+A, CTRL+P, etc.) are enable or not;
            </summary>
            <remarks>
            If keyboard accelerators are enable pressing keys will perform the following actions:
            <list type="table">
            <listheader>
                <term>Key</term>
                <description>Action</description>
            </listheader>
            <item><term>CTRL+A</term><description>Select All</description></item>
            <item><term>CTRL+C</term><description>Copy Selection</description></item>
            <item><term>CTRL+F</term><description>Find</description></item>
            <item><term>CTRL+G</term><description>Goto Page</description></item>
            <item><term>CTRL+P</term><description>Print Document</description></item>
            <item><term>CTRL+Y</term><description>Zoom: Custom</description></item>
            <item><term>CTRL+0</term><description>Zoom: Fit Page</description></item>
            <item><term>CTRL+1</term><description>Zoom: Actual Size</description></item>
            <item><term>CTRL+2</term><description>Zoom: Fit Width</description></item>
            <item><term>CTRL+3</term><description>Zoom: Fit Content</description></item>
            <item><term>CTRL+6</term><description>View: Single Page</description></item>
            <item><term>CTRL+7</term><description>View: Facing</description></item>
            <item><term>CTRL+8</term><description>View: Book</description></item>
            <item><term>CTRL+PlusKey</term><description>Zoom In</description></item>
            <item><term>CTRL+SHIFT+PlusKey</term><description>View: Rotate Right</description></item>
            <item><term>CTRL+InsertKey</term><description>Copy Selection</description></item>
            <item><term>F3</term><description>Find: Next</description></item>
            <item><term>SHIFT+F3</term><description>Find: Previous</description></item>
            <item><term>CTRL+F3</term><description>Find: Next Selection</description></item>
            <item><term>CTRL+SHIFT+F3</term><description>Find: Previous Selection</description></item>
            <item><term>CTRL+MinusKey</term><description>Zoom Out</description></item>
            <item><term>CTRL+SHIFT+MinusKey</term><description>View: Rotate Left</description></item>
            <item><term>ALT+LeftArrow</term><description>Navigate: Back</description></item>
            <item><term>ALT+RightArrow</term><description>Navigate: Forward</description></item>
            </list>
            Disabling these accelerators allow <see cref="E:SumatraPDF.SumatraPDFControl.KeyDown"/> raise event of these keys.
            </remarks>
        </member>
        <member name="M:SumatraPDF.SumatraPDFControl.#ctor">
            <summary>
            Default constructor
            </summary>
        </member>
        <member name="M:SumatraPDF.SumatraPDFControl.ReloadCurrentFile">
            <summary>
            Reload current loaded document in order to reflect external changes made in it
            </summary>
        </member>
        <member name="M:SumatraPDF.SumatraPDFControl.LoadFile(System.String,System.Int32,System.Boolean)">
            <summary>
            Load sumatra supported file. Current file will be closed.
            </summary>
            <param name="PDFFile">File name with complete path</param>
            <param name="InitialPage">Initial page to show</param>
            <param name="NewSumatraInstance">Open a new SumatraPDF instance (other executable process)</param>
            <remarks>
            In case of multiple instances of SumatraPDFControl <paramref name="NewSumatraInstance"/> indicates if an pre-existing instance 
            will be used or not. If true new SumatraPDF executable will be started. The default is false.
            </remarks>
        </member>
        <member name="M:SumatraPDF.SumatraPDFControl.CopySelection">
            <summary>
            Copy to clipboard window text selection
            </summary>
        </member>
        <member name="M:SumatraPDF.SumatraPDFControl.SelectAll">
            <summary>
            Select all document text
            </summary>
        </member>
        <member name="M:SumatraPDF.SumatraPDFControl.TextSearch(System.String,System.Boolean)">
            <summary>
            Do a text search on document from beginning
            </summary>
            <seealso cref="M:SumatraPDF.SumatraPDFControl.TextSearchNext(System.Boolean)"/>
            <param name="searchText">Text to search</param>
            <param name="matchCase">Match case</param>
        </member>
        <member name="M:SumatraPDF.SumatraPDFControl.TextSearchNext(System.Boolean)">
            <summary>
            Do a text search on document after a first search by <see cref="M:SumatraPDF.SumatraPDFControl.TextSearch(System.String,System.Boolean)"/>
            </summary>
            <seealso cref="M:SumatraPDF.SumatraPDFControl.TextSearch(System.String,System.Boolean)"/>
            <param name="forward">True (default) if serching forward, false if backwards</param>
        </member>
        <member name="M:SumatraPDF.SumatraPDFControl.OpenPrintDialog">
            <summary>
            Show dialog to print current document (in background)
            </summary>
            <remarks>
            After proceeding with print it occurs in background and SumatraPDF shows an interface to cancel the whole process.
            The following only applies for printing as image:
            Creates a new dummy page for each page with a large zoom factor,
            and then uses StretchDIBits to copy this to the printer's dc.
            </remarks>
        </member>
        <member name="M:SumatraPDF.SumatraPDFControl.RotateBy(SumatraPDF.SumatraPDFControl.RotationEnum)">
            <summary>
            Rotate current document
            </summary>
            <param name="Rotation">Degrees to Rotation</param>
        </member>
        <member name="M:SumatraPDF.SumatraPDFControl.GoToNextPage">
            <summary>
            Go to next document page
            </summary>
        </member>
        <member name="M:SumatraPDF.SumatraPDFControl.GoToPrevPage">
            <summary>
            Go to previous document page
            </summary>
        </member>
        <member name="M:SumatraPDF.SumatraPDFControl.GoToFirstPage">
            <summary>
            Go to first document page
            </summary>
        </member>
        <member name="M:SumatraPDF.SumatraPDFControl.GoToLastPage">
            <summary>
            Go to last document page
            </summary>
        </member>
        <member name="F:SumatraPDF.SumatraPDFControl.components">
            <summary>
            Variável de designer necessária.
            </summary>
        </member>
        <member name="M:SumatraPDF.SumatraPDFControl.Dispose(System.Boolean)">
            <summary>
            Cleaning resources being used
            </summary>
            <param name="disposing">true if necessary to dispose managed resources.</param>
        </member>
        <member name="M:SumatraPDF.SumatraPDFControl.InitializeComponent">
            <summary>
            Método necessário para suporte ao Designer - não modifique 
            o conteúdo deste método com o editor de código.
            </summary>
        </member>
    </members>
</doc>
